androidx.activity:activity:1.13.0	Apache-2.0
androidx.activity:activity-compose:1.13.0	Apache-2.0
androidx.activity:activity-ktx:1.13.0	Apache-2.0
androidx.annotation:annotation-experimental:1.4.1	Apache-2.0
androidx.annotation:annotation-jvm:1.9.1	Apache-2.0
androidx.appcompat:appcompat:1.1.0	Apache-2.0
androidx.appcompat:appcompat-resources:1.1.0	Apache-2.0
androidx.arch.core:core-common:2.2.0	Apache-2.0
androidx.arch.core:core-runtime:2.2.0	Apache-2.0
androidx.autofill:autofill:1.0.0	Apache-2.0
androidx.camera.featurecombinationquery:featurecombinationquery:1.6.2	Apache-2.0
androidx.camera.viewfinder:viewfinder-core:1.5.1	Apache-2.0
androidx.camera:camera-camera2:1.6.2	Apache-2.0
androidx.camera:camera-camera2-pipe:1.6.2	Apache-2.0
androidx.camera:camera-core:1.6.2	Apache-2.0
androidx.camera:camera-lifecycle:1.6.2	Apache-2.0
androidx.camera:camera-video:1.6.2	Apache-2.0
androidx.camera:camera-view:1.6.2	Apache-2.0
androidx.collection:collection-jvm:1.5.0	Apache-2.0
androidx.collection:collection-ktx:1.5.0	Apache-2.0
androidx.compose.animation:animation-android:1.12.1	Apache-2.0
androidx.compose.animation:animation-core-android:1.12.1	Apache-2.0
androidx.compose.foundation:foundation-android:1.12.1	Apache-2.0
androidx.compose.foundation:foundation-layout-android:1.12.1	Apache-2.0
androidx.compose.material:material-ripple-android:1.12.1	Apache-2.0
androidx.compose.material3:material3-android:1.4.0	Apache-2.0
androidx.compose.runtime:runtime-android:1.12.1	Apache-2.0
androidx.compose.runtime:runtime-annotation-android:1.12.1	Apache-2.0
androidx.compose.runtime:runtime-retain-android:1.12.1	Apache-2.0
androidx.compose.runtime:runtime-saveable-android:1.12.1	Apache-2.0
androidx.compose.ui:ui-android:1.12.1	Apache-2.0
androidx.compose.ui:ui-geometry-android:1.12.1	Apache-2.0
androidx.compose.ui:ui-graphics-android:1.12.1	Apache-2.0
androidx.compose.ui:ui-text-android:1.12.1	Apache-2.0
androidx.compose.ui:ui-unit-android:1.12.1	Apache-2.0
androidx.compose.ui:ui-util-android:1.12.1	Apache-2.0
androidx.concurrent:concurrent-futures:1.1.0	Apache-2.0
androidx.concurrent:concurrent-futures-ktx:1.1.0	Apache-2.0
androidx.core:core:1.18.0	Apache-2.0
androidx.core:core-backported-fixes:1.0.0	Apache-2.0
androidx.core:core-ktx:1.18.0	Apache-2.0
androidx.core:core-viewtree:1.0.0	Apache-2.0
androidx.cursoradapter:cursoradapter:1.0.0	Apache-2.0
androidx.customview:customview:1.0.0	Apache-2.0
androidx.customview:customview-poolingcontainer:1.0.0	Apache-2.0
androidx.drawerlayout:drawerlayout:1.0.0	Apache-2.0
androidx.emoji2:emoji2:1.4.0	Apache-2.0
androidx.exifinterface:exifinterface:1.4.2	Apache-2.0
androidx.fragment:fragment:1.1.0	Apache-2.0
androidx.graphics:graphics-path:1.0.1	Apache-2.0
androidx.interpolator:interpolator:1.0.0	Apache-2.0
androidx.lifecycle:lifecycle-common-java8:2.10.0	Apache-2.0
androidx.lifecycle:lifecycle-common-jvm:2.10.0	Apache-2.0
androidx.lifecycle:lifecycle-livedata:2.10.0	Apache-2.0
androidx.lifecycle:lifecycle-livedata-core:2.10.0	Apache-2.0
androidx.lifecycle:lifecycle-livedata-core-ktx:2.10.0	Apache-2.0
androidx.lifecycle:lifecycle-process:2.10.0	Apache-2.0
androidx.lifecycle:lifecycle-runtime-android:2.10.0	Apache-2.0
androidx.lifecycle:lifecycle-runtime-compose-android:2.10.0	Apache-2.0
androidx.lifecycle:lifecycle-runtime-ktx-android:2.10.0	Apache-2.0
androidx.lifecycle:lifecycle-viewmodel:2.10.0	Apache-2.0
androidx.lifecycle:lifecycle-viewmodel-android:2.10.0	Apache-2.0
androidx.lifecycle:lifecycle-viewmodel-ktx:2.10.0	Apache-2.0
androidx.lifecycle:lifecycle-viewmodel-savedstate-android:2.10.0	Apache-2.0
androidx.loader:loader:1.0.0	Apache-2.0
androidx.media3:media3-common:1.9.0	Apache-2.0
androidx.media3:media3-container:1.9.0	Apache-2.0
androidx.media3:media3-muxer:1.9.0	Apache-2.0
androidx.navigationevent:navigationevent-android:1.0.0	Apache-2.0
androidx.navigationevent:navigationevent-compose-android:1.0.0	Apache-2.0
androidx.profileinstaller:profileinstaller:1.4.0	Apache-2.0
androidx.savedstate:savedstate-android:1.4.0	Apache-2.0
androidx.savedstate:savedstate-compose-android:1.4.0	Apache-2.0
androidx.savedstate:savedstate-ktx:1.4.0	Apache-2.0
androidx.startup:startup-runtime:1.1.1	Apache-2.0
androidx.tracing:tracing-android:1.3.0	Apache-2.0
androidx.tracing:tracing-ktx:1.3.0	Apache-2.0
androidx.vectordrawable:vectordrawable:1.1.0	Apache-2.0
androidx.vectordrawable:vectordrawable-animated:1.1.0	Apache-2.0
androidx.versionedparcelable:versionedparcelable:1.1.1	Apache-2.0
androidx.viewpager:viewpager:1.0.0	Apache-2.0
androidx.window:window:1.5.0	Apache-2.0
androidx.window:window-core-android:1.5.0	Apache-2.0
com.google.auto.value:auto-value-annotations:1.6.3	Apache-2.0
com.google.code.findbugs:jsr305:3.0.2	Apache-2.0
com.google.dagger:dagger:2.59	Apache-2.0
com.google.errorprone:error_prone_annotations:2.28.0	Apache-2.0
com.google.guava:failureaccess:1.0.2	Apache-2.0
com.google.guava:guava:33.3.1-android	Apache-2.0
com.google.guava:listenablefuture:9999.0-empty-to-avoid-conflict-with-guava	Apache-2.0
com.google.j2objc:j2objc-annotations:3.0.0	Apache-2.0
jakarta.inject:jakarta.inject-api:2.0.1	Apache-2.0
javax.inject:javax.inject:1	Apache-2.0
org.checkerframework:checker-qual:3.43.0	MIT
org.jetbrains.kotlin:kotlin-stdlib:2.2.10	Apache-2.0
org.jetbrains.kotlinx:atomicfu-jvm:0.28.0	Apache-2.0
org.jetbrains.kotlinx:kotlinx-coroutines-android:1.10.2	Apache-2.0
org.jetbrains.kotlinx:kotlinx-coroutines-core-jvm:1.10.2	Apache-2.0
org.jetbrains.kotlinx:kotlinx-serialization-core-jvm:1.7.3	Apache-2.0
org.jetbrains:annotations:23.0.0	Apache-2.0
org.jspecify:jspecify:1.0.0	Apache-2.0
